"IDE","DESIGNATION","SUPERFICIE","IDERATTACH"
1101,"Salon",15,110
1104,"Cuisine",7,110
1102,"Salle de bain",5,110
1103,"Chambre",8,110
1171,"Pièce à vivre",30,117
1711,"Pièce à vivre",12,171
1921,"Pièce à vivre",15,192
9451,"Salon",20,945
9454,"Cuisine",8,945
9453,"Chambre",30,945
9452,"Salle de bain",6,945
2271,"Salon",10,227
2273,"Chambre",20,227
2272,"Salle de bain",5,227
2381,"Salon",15,238
2384,"Cuisine",10,238
2382,"Salle de bain",10,238
2383,"Chambres",25,238
2385,"Terrasse",35,238
2395,"Terrasse",30,239
2405,"Terrasse",30,240
2415,"Terrasse",40,241
2425,"Terrasse",33,242
